model,domain,edge_flow_cosine__margin_other_factual_max,edge_flow_cosine__margin_other_factual_mean,edge_flow_cosine__margin_paraphrased_nonce,edge_flow_cosine__margin_same_template_nonce,edge_flow_cosine__other_factual_max,edge_flow_cosine__other_factual_mean,edge_flow_cosine__target_paraphrased_nonce,edge_flow_cosine__target_positive,edge_flow_cosine__target_same_template_nonce,feature_influence_cosine__margin_other_factual_max,feature_influence_cosine__margin_other_factual_mean,feature_influence_cosine__margin_paraphrased_nonce,feature_influence_cosine__margin_same_template_nonce,feature_influence_cosine__other_factual_max,feature_influence_cosine__other_factual_mean,feature_influence_cosine__target_paraphrased_nonce,feature_influence_cosine__target_positive,feature_influence_cosine__target_same_template_nonce,feature_influence_cosine_with_errors__margin_other_factual_max,feature_influence_cosine_with_errors__margin_other_factual_mean,feature_influence_cosine_with_errors__margin_paraphrased_nonce,feature_influence_cosine_with_errors__margin_same_template_nonce,feature_influence_cosine_with_errors__other_factual_max,feature_influence_cosine_with_errors__other_factual_mean,feature_influence_cosine_with_errors__target_paraphrased_nonce,feature_influence_cosine_with_errors__target_positive,feature_influence_cosine_with_errors__target_same_template_nonce,feature_jaccard__margin_other_factual_max,feature_jaccard__margin_other_factual_mean,feature_jaccard__margin_paraphrased_nonce,feature_jaccard__margin_same_template_nonce,feature_jaccard__other_factual_max,feature_jaccard__other_factual_mean,feature_jaccard__target_paraphrased_nonce,feature_jaccard__target_positive,feature_jaccard__target_same_template_nonce,feature_jaccard_with_errors__margin_other_factual_max,feature_jaccard_with_errors__margin_other_factual_mean,feature_jaccard_with_errors__margin_paraphrased_nonce,feature_jaccard_with_errors__margin_same_template_nonce,feature_jaccard_with_errors__other_factual_max,feature_jaccard_with_errors__other_factual_mean,feature_jaccard_with_errors__target_paraphrased_nonce,feature_jaccard_with_errors__target_positive,feature_jaccard_with_errors__target_same_template_nonce,layer_profile_cosine__margin_other_factual_max,layer_profile_cosine__margin_other_factual_mean,layer_profile_cosine__margin_paraphrased_nonce,layer_profile_cosine__margin_same_template_nonce,layer_profile_cosine__other_factual_max,layer_profile_cosine__other_factual_mean,layer_profile_cosine__target_paraphrased_nonce,layer_profile_cosine__target_positive,layer_profile_cosine__target_same_template_nonce,nonce_output_type_matches_target,nonce_top_token,nonce_top_token_class,other_factual_comparator_n,other_factual_feature_count_mean,pair_id,positive_error_influence_fraction,positive_export_clean,positive_feature_count,positive_top_token,positive_top_token_class,same_template_output_type_matches_target,same_template_top_token,same_template_top_token_class,split,target_error_influence_fraction,target_export_clean,target_feature_count,target_top_token,target_top_token_class
Gemma-2-2B,history,0.10109377368929962,0.11759297513303268,0.3026513130623627,0.2714792227078452,0.8907586151948845,0.8742594137511515,0.6892010758218214,0.9918523888841841,0.720373166176339,0.49109538280585885,0.49314881055780824,0.3764418672494016,0.28051462122232307,0.20738318018524182,0.2053297524332924,0.3220366957416991,0.6984785629911007,0.4179639417687776,0.34822313303089997,0.36349442186012915,0.24074931690304668,0.18322402777531066,0.4622986675335406,0.4470273787043114,0.5697724836613939,0.8105218005644406,0.6272977727891299,0.47745026018476305,0.47920466351931745,0.4017037477049357,0.33393560089841545,0.07584923220102373,0.07409482886646931,0.15159574468085107,0.5532994923857868,0.21936389148737137,0.4746692845747945,0.47631466459379945,0.40030378546632944,0.3328227679070655,0.08689655172413793,0.08525117170513295,0.16126205083260298,0.5615658362989324,0.22874306839186692,-0.0003926272216021598,0.0025388189873969402,0.039970209608991114,0.02144642978428357,0.9938012645431789,0.9908698183341798,0.9534384277125856,0.9934086373215767,0.9719622075372931,False,-,punctuation_or_symbol,2,1199.0,columbus_americas,0.1098081013800768,True,1051, Maria,alphanumeric,False,",",punctuation_or_symbol,held_out,0.10243682942586861,True,1091, Maria,alphanumeric
Gemma-2-2B,chemistry,0.0018544602355469175,0.006498686619571981,0.0373878792201594,0.006604803661296121,0.9708649618823537,0.9662207354983287,0.9353315428977412,0.9727194221179006,0.9661146184566045,0.05869133276603622,0.06905532917130497,0.12696522673432503,-0.08965129933774019,0.5108834212586566,0.5005194248533879,0.4426095272903678,0.5695747540246928,0.659226053362433,0.04600848567389659,0.057945837386350285,0.09774595865385516,-0.07405576447591544,0.593458093527298,0.5815207418148443,0.5417206205473394,0.6394665792011945,0.71352234367711,0.07931296549627603,0.09115865138077228,0.1474958081213093,-0.060429813335686866,0.33464052287581697,0.3227948369913207,0.2664576802507837,0.413953488372093,0.47438330170777987,0.07814758907177966,0.0904365711546482,0.14761728403374924,-0.058981423938459954,0.34575835475578404,0.3334693726729155,0.27628865979381445,0.4239059438275637,0.48288736776602365,0.0005475204134255396,0.0012991629928125192,0.014940066801151453,0.007795507969130422,0.9945822615270901,0.9938306189477031,0.9801897151393641,0.9951297819405156,0.9873342739713852,True, of,alphanumeric,4,1061.25,copper_symbol,0.08129365203599996,True,1038, Cu,alphanumeric,False, ,whitespace,held_out,0.06367742868784228,True,1090, Cu,alphanumeric
Gemma-2-2B,history,0.05192684196460373,0.11386037809506744,0.0671954103104756,0.04370697431038795,0.9136082516959386,0.8516747155654749,0.8983396833500668,0.9655350936605424,0.9218281193501544,0.26330106993349023,0.274097726581343,0.11765333753772339,-0.06142784344863328,0.24869501666266222,0.23789836001480946,0.3943427490584291,0.5119960865961525,0.5734239300447858,0.1705180093754866,0.1794039342827886,0.08197209595938215,-0.05989655889091339,0.45603487996003994,0.44714895505273794,0.5445807933761444,0.6265528893355266,0.6864494482264399,0.24431621789253496,0.24767584045207702,0.1615743698990681,-0.043983391213601064,0.08831646734130635,0.0849568447817643,0.17105831533477323,0.3326326852338413,0.3766160764474424,0.242536877326924,0.24615958509126268,0.1613629423341082,-0.043967781449202936,0.09909090909090909,0.09546820132657043,0.1802648440837249,0.3416277864178331,0.385595567867036,0.0029073027409339813,0.00599106256379911,0.017706573520017477,-0.0002548892131557512,0.9921986186337336,0.9891148588108685,0.9773993478546501,0.9951059213746676,0.9953608105878233,True, Prison,alphanumeric,2,1114.0,french_revolution,0.07930533514431692,False,1221, Bastille,alphanumeric,True, Prison,alphanumeric,held_out,0.0696094794510148,False,1315, Bastille,alphanumeric
Gemma-2-2B,chemistry,0.012562425045995473,0.017823824394478716,0.04392790901929178,0.07238568705539739,0.9672221674164716,0.9619607680679884,0.9358566834431753,0.9797845924624671,0.9073989054070697,0.030591015065527083,0.06069803646713834,0.06620043247607355,-0.12047381142780511,0.5504520647477898,0.5203450433461786,0.5148426473372434,0.5810430798133169,0.701516891241122,0.030360029468179173,0.05416104065629668,0.07082364168003141,-0.09728088945714275,0.6254939057252278,0.6016928945371103,0.5850302935133755,0.655853935193407,0.7531348246505497,0.04511134150739271,0.08502177128036204,0.09522236044161098,-0.07246953265363548,0.3849734042553192,0.34506297448234985,0.3348623853211009,0.4300847457627119,0.5025542784163474,0.04493577366221574,0.0848357514676461,0.095727841901941,-0.07031778169627612,0.3954248366013072,0.3555248587958768,0.3446327683615819,0.4403606102635229,0.510678391959799,0.0022930071582152323,0.003978629793369048,0.02159895429626224,0.014959171199290355,0.991659142656995,0.9899735200218411,0.9723531955189479,0.9939521498152102,0.9789929786159198,True, of,alphanumeric,4,1082.75,potassium_symbol,0.0869902488445885,False,952, K,alphanumeric,False, ,whitespace,held_out,0.06819129951590845,False,1073, K,alphanumeric
Gemma-2-2B,chemistry,-0.006640884980546824,0.0011405073415454714,0.0027567247740835077,-0.004369139005466649,0.9723643247693743,0.964582932447282,0.962966715014744,0.9657234397888275,0.9700925787942941,0.04946887276442247,0.06759190810774551,0.1293560776557331,-0.08551979402687471,0.5096786876039413,0.49155565226061826,0.4297914827126307,0.5591475603683638,0.6446673543952385,0.03222817459447702,0.04708677720719623,0.10358085083187152,-0.07771045414068312,0.593130424198648,0.5782718215859288,0.5217777479612535,0.625358598793125,0.7030690529338082,0.08376408206305563,0.09708933666075842,0.14280633938378268,-0.03495906736085158,0.3331242158092848,0.319798961211582,0.27408195848855776,0.41688829787234044,0.451847365233192,0.08297022512708785,0.09627805529969669,0.14280788430857905,-0.03354847007377787,0.34382716049382717,0.33051933032121833,0.28398950131233597,0.426797385620915,0.4603458556946929,-0.001766340657621157,-0.0013413826978325716,0.007858786185639621,-0.0017596352852790043,0.9930845021828344,0.9926595442230458,0.9834593753395736,0.9913181615252132,0.9930777968104922,True, of,alphanumeric,4,1059.75,silver_symbol,0.07147826812097692,True,1044, Ag,alphanumeric,False, ,whitespace,held_out,0.06562864349791861,True,1087, Ag,alphanumeric
Gemma-2-2B,chemistry,0.005572069508468114,0.009711785964357178,0.006340354056283859,-0.006706166614890985,0.9709415649549756,0.9668018484990866,0.9701732804071599,0.9765136344634437,0.9832198010783347,0.026721348688215074,0.07040291213941774,0.10206241973832259,-0.11269481497112355,0.5477555572699042,0.5040739938187015,0.4724144862197967,0.5744769059581193,0.6871717209292428,0.018386991130239894,0.05534381095054686,0.08858788218775027,-0.09707577360177888,0.6209238418512494,0.5839670220309424,0.550722950793739,0.6393108329814893,0.7363866065832682,0.03792811493852455,0.0814527714810695,0.1004714336135556,-0.09344968263600034,0.37332439678284185,0.3297997402402969,0.3107810781078108,0.4112525117213664,0.5047021943573667,0.03727185123698851,0.08098869526092367,0.1008309068501797,-0.09131669224574274,0.38405797101449274,0.3403411269905576,0.32049891540130154,0.42132982225148125,0.512646514497224,-0.0015401269547781204,-0.00015545835074270986,0.003485843989753934,-0.003104108209555312,0.9942042293148043,0.9928195607107689,0.9891782583702723,0.9926641023600262,0.9957682105695815,True, of,alphanumeric,4,1068.25,sodium_symbol,0.07836370193507106,False,1010, Na,alphanumeric,True, P,alphanumeric,held_out,0.0627396321040969,False,1097, Na,alphanumeric
Gemma-2-2B,chemistry,0.021459404634321944,0.0239307690329289,0.08215621052481159,0.07648717809004868,0.9410134806203154,0.9385421162217085,0.8803166747298258,0.9624728852546374,0.8859857071645887,-0.008869766954064384,0.01918365642500064,0.07990463946707227,-0.10145333369380294,0.5349890829446885,0.5069356595656235,0.44621467652355185,0.5261193159906241,0.627572649684427,-0.008632575848561586,0.018506995187378306,0.06426593380571644,-0.08638808373496287,0.6121705994064377,0.5850310283704978,0.5392720897521597,0.6035380235578761,0.689926107292839,-0.008849067535687927,0.023496015770267387,0.07513956306869207,-0.06563770129135155,0.3607552258934592,0.3284101425875039,0.2767665952890792,0.3519061583577713,0.41754385964912283,-0.010128713564941938,0.022252351355711297,0.07494584436729568,-0.06462661097311961,0.3717693836978131,0.33938831877715986,0.2866948257655755,0.36164067013287116,0.42626728110599077,-0.005743549759715805,0.0002551233327461322,0.03261059248854692,0.004618136630737291,0.9907373017432071,0.9847386286507451,0.9523831594949443,0.9849937519834913,0.980375615352754,True, of,alphanumeric,4,1011.0,tungsten_symbol,0.07226720665065839,False,1239, W,alphanumeric,False, ,whitespace,held_out,0.0634608452430361,False,1066, W,alphanumeric
Gemma-2-2B,history,0.04059810910746042,0.08226734488419718,0.023671097493048854,0.04754323358563761,0.932068646494443,0.8903994107177062,0.9489956581088546,0.9726667556019034,0.9251235220162658,0.298486998455698,0.31663478552644964,0.25495140817425666,0.2566343506957347,0.24927037285963943,0.23112258578888778,0.29280596314108076,0.5477573713153374,0.2911230206196027,0.18409897422129018,0.21032458687188937,0.18752082960814093,0.1904439967886603,0.48700419764340375,0.46077858499280455,0.483582342256553,0.6711031718646939,0.4806591750760336,0.25713201430389626,0.2577468566012587,0.2371842490874504,0.234927301281251,0.08728737690241718,0.08667253460505475,0.10723514211886305,0.34441939120631343,0.10949208992506244,0.25610127826941986,0.25632461824202235,0.2367679348854817,0.234860882299103,0.09778761061946903,0.09756427064686651,0.11712095400340715,0.35388888888888886,0.11902800658978584,0.007943440064535068,0.00896522819546497,0.010334263534382604,0.010227093807170906,0.9895286067137815,0.9885068185828516,0.987137783243934,0.9974720467783166,0.9872449529711457,True, Nor,alphanumeric,2,1136.0,wwi_start,0.08407058794642334,True,1177, Ferdinand,alphanumeric,False,',punctuation_or_symbol,held_out,0.07729525494403125,False,1208, Ferdinand,alphanumeric
Qwen3-1.7B,chemistry,-0.0018015894141351074,-0.00021087059418800624,-0.0018595392920477405,-0.0029529853857707122,0.9978494115364852,0.9962586927165381,0.9979073614143978,0.9960478221223501,0.9990008075081208,0.03453844903906228,0.04476888887036351,0.08857446850179679,-0.10416587650030129,0.39063094812202165,0.3804005082907204,0.33659492865928714,0.42516939716108393,0.5293352736613852,0.030358655980588067,0.03866692184418763,0.06488318157230577,-0.10191568728840888,0.45559303249947364,0.4472847666358741,0.42106850690775594,0.4859516884800617,0.5878673757684706,0.049049749640805274,0.06903834154026262,0.09892516010388325,-0.02790185268708345,0.23402824478816409,0.21403965288870674,0.1841528343250861,0.28307799442896936,0.3109798471160528,0.048604799004490634,0.06831504643673114,0.0985747821523899,-0.027341261859264443,0.24818481848184817,0.22847457104960767,0.1982148353339489,0.2967896174863388,0.32413087934560325,-0.004221026691347718,0.0007002619958934586,0.001144430301966426,0.0027593581779811194,0.9925487562604888,0.9876274675732476,0.9871832992671746,0.9883277295691411,0.9855683713911599,True, Mo,alphanumeric,4,1831.75,copper_symbol,0.05562103916657968,True,1883, Cu,alphanumeric,True, M,alphanumeric,held_out,0.053646680123064776,True,1802, Cu,alphanumeric
Qwen3-1.7B,chemistry,-0.0023936868675626943,-0.0006157091282397165,0.000538482325327716,-0.004292421088845755,0.9977137805015736,0.9959358027622506,0.9947816113086831,0.9953200936340109,0.9996125147228566,0.08045493332629122,0.10607591666482608,0.1389137670540424,-0.06555580391079474,0.40705914494532597,0.3814381616067911,0.3486003112175748,0.4875140782716172,0.5530698821824119,0.06836607840217557,0.09578531450829197,0.11700961655621622,-0.0572082388687416,0.48357669918028967,0.45615746307417326,0.434933161026249,0.5519427775824652,0.6091510164512068,0.07996240343167116,0.10183626129676751,0.11818182246052128,-0.016290633276232036,0.244727150987613,0.22285329312251664,0.20650773195876287,0.32468955441928415,0.3409801876955162,0.07959841178846461,0.10132415582061816,0.11765514710546104,-0.015338137516928418,0.258626355570161,0.23690061153800746,0.22056962025316457,0.3382247673586256,0.35356290487555403,-0.00230477460123224,0.0007730134793306753,-0.0004652451869013863,0.007339878530060795,0.9947239439279187,0.9916461558473558,0.9928844145135879,0.9924191693266865,0.9850792907966257,True, S,alphanumeric,4,1860.5,potassium_symbol,0.061128834815139366,True,1768, K,alphanumeric,False, (,punctuation_or_symbol,held_out,0.05907380724582839,True,1859, K,alphanumeric
Qwen3-1.7B,chemistry,-0.002023227473992306,-0.0005200118351627037,-0.0013889451374925477,-0.0014946350349940296,0.9977898046844036,0.996286589045574,0.9971555223479038,0.9957665772104113,0.9972612122454053,0.05649719148071042,0.06228644403317235,0.0996448290879473,-0.04670716954514775,0.38010087011085386,0.37431161755839193,0.336953232503617,0.4365980615915643,0.48330523113671203,0.032677758928625344,0.03672602643565981,0.0581831955391332,-0.06363859065503036,0.44851145258114494,0.4444631850741105,0.4230060159706371,0.4811892115097703,0.5448278021648006,0.07383452115188821,0.08538128566479847,0.1234155025995678,0.008252725243295511,0.2195364238410596,0.20798965932814933,0.16995544239338,0.2933709449929478,0.2851182197496523,0.0733088183716526,0.08459460898023047,0.12256363546718776,0.008281772740910187,0.23374512353706112,0.22245933292848324,0.18449030644152595,0.3070539419087137,0.2987721691678035,0.0021505022842954746,0.005586687033165005,0.0007967385136811167,0.009560601367097799,0.9892595811037905,0.985823396354921,0.9906133448744049,0.991410083388086,0.9818494820209882,True, D,alphanumeric,4,1835.5,silver_symbol,0.04573748701325123,True,1868, Ag,alphanumeric,True, Db,alphanumeric,held_out,0.0541821070080793,True,1800, Ag,alphanumeric
Qwen3-1.7B,chemistry,0.0018518913086349453,0.0021969199253989435,-1.5906963223510928e-05,-0.0015385414222991445,0.9954923429494594,0.9951473143326954,0.9973601412213179,0.9973442342580944,0.9988827756803935,0.04544152835520998,0.07098440801745659,0.11543416384407357,-0.07347668792553791,0.4056951660290115,0.3801522863667649,0.3357025305401479,0.4511366943842215,0.5246133823097594,0.04095798141752027,0.06727131646456164,0.09399070120800523,-0.06847722569535619,0.47143721211346123,0.44512387706641987,0.4184044923229763,0.5123951935309815,0.5808724192263377,0.06997066560738233,0.08543678668171326,0.1121497390909107,-0.010124753869900915,0.22523744911804613,0.2097713280437152,0.18305837563451777,0.29520811472542846,0.3053328685953294,0.06906742981913194,0.08469847968320274,0.11142865392265477,-0.009884622714811386,0.2396804260985353,0.2240493762344645,0.19731920199501246,0.30874785591766724,0.3186324786324786,-0.0005436383006092171,0.0040165273796718415,0.005093766281252465,0.0008588996755262146,0.9934880083051808,0.9889278426248997,0.9878506037233191,0.9929443700045716,0.9920854703290454,True, and,alphanumeric,4,1837.75,sodium_symbol,0.0589663691665025,True,1859, Na,alphanumeric,True, P,alphanumeric,held_out,0.053227720000757824,True,1844, Na,alphanumeric
Qwen3-1.7B,chemistry,-0.0021425637886390847,-0.0005364695321358193,-0.00209009048464992,-0.00394760514259751,0.9966117298640145,0.9950056356075112,0.9965592565600253,0.9944691660753754,0.9984167712179729,0.07242219555471524,0.08390271769369395,0.10795472260578592,-0.07180422424715877,0.3829531651152023,0.37147264297622357,0.3474206380641316,0.4553753606699175,0.5271795849170763,0.07047613952757054,0.08727717323104456,0.09263078883512427,-0.06847937829568551,0.46591760544290844,0.4491165717394344,0.4437629561353547,0.536393744970479,0.6048731232661645,0.07353102340589135,0.08542063184017479,0.10620032242206864,-0.02481907988484311,0.21599740932642486,0.20410780089214142,0.18332811031024757,0.2895284327323162,0.3143475126171593,0.07309939242872723,0.08482509767762214,0.10564822787753847,-0.024853969856493796,0.2299618320610687,0.2182361268121738,0.19741299661225747,0.30306122448979594,0.32791519434628974,-0.003114874942536039,-0.0015025564867898744,0.0001237937302664971,0.003118448046861455,0.9938150896701047,0.9922027712143585,0.9905764209973021,0.9907002147275686,0.9875817666807072,True, Q,alphanumeric,4,1844.5,tungsten_symbol,0.06943415879988736,True,1832, W,alphanumeric,True, Q,alphanumeric,held_out,0.06230237094089954,True,1887, W,alphanumeric
Qwen3-4B*,geography,0.025717702569412748,0.0906966654625796,0.4092741325117152,0.3042416456075838,0.9021797548880489,0.8372007919948821,0.5186233249457465,0.9278974574574617,0.6236558118498778,0.12076980283111338,0.13205266064103738,0.11056461297955089,-0.0070266428120566715,0.3346111295450366,0.3233282717351126,0.34481631939659907,0.45538093237614996,0.46240757518820663,0.05747494998414615,0.08390740794829787,0.08206213956584685,0.009773403542887804,0.5874718698291415,0.5610394118649897,0.5628846802474408,0.6449468198132876,0.6351734162703998,0.09932920536635706,0.11593948870379608,0.12368421052631579,0.020085426538272083,0.16470588235294117,0.14809559901550215,0.14035087719298245,0.26403508771929823,0.24394966118102615,0.09338280766852197,0.11348985242718657,0.12111450419583894,0.017153961678216645,0.19318181818181818,0.17307477342315358,0.1654501216545012,0.28656462585034015,0.2694106641721235,-0.04055490449091892,0.018715428902911335,0.022046156702385078,-0.040603657218918676,0.9657422680312964,0.9064719346374661,0.9031412068379924,0.9251873635403774,0.9657910207592961,True, a,alphanumeric,4,872.25,canada_capital,0.134828331849423,True,927, Ottawa,alphanumeric,True, a,alphanumeric,held_out,0.15232944140188498,True,514, Ottawa,alphanumeric
Qwen3-4B*,chemistry,0.010795180832090967,0.07909158790459703,0.27579904641654207,0.05312272814687091,0.961607133826473,0.8933107267539669,0.6966032682420219,0.972402314658564,0.9192795865116931,0.09921016445118569,0.11878263452509719,0.20907082027011714,0.05210456977196393,0.4470372958542317,0.4274648257803202,0.33717664003530023,0.5462474603054174,0.49414289053345345,0.07357010756002025,0.1038504101208153,0.1494955211442518,0.021938528978807548,0.642603254433244,0.6123229518724489,0.5666778408490124,0.7161733619932642,0.6942348330144567,0.16917173220203047,0.1904641593375888,0.24379218900675026,0.14870926479173108,0.2658772874058127,0.24458486027025433,0.1912568306010929,0.43504901960784315,0.28633975481611207,0.16565593908876403,0.18947116657598823,0.245556482402387,0.15077078202093147,0.2932642487046632,0.269449021217439,0.21336370539104024,0.45892018779342725,0.3081494057724958,0.007571654223064939,0.021674715665677913,0.09360572819515434,0.028146643167096697,0.9750051524595424,0.9609020910169295,0.888971078487453,0.9825768066826074,0.9544301635155107,True, of,alphanumeric,4,751.25,copper_symbol,0.1689240443029877,True,597, Cu,alphanumeric,True, M,alphanumeric,held_out,0.1647704413098514,True,574, Cu,alphanumeric
Qwen3-4B*,chemistry,0.0018530852291657185,0.05863417480409672,0.30304668308429583,0.033576623513486226,0.9372527102918823,0.8804716207169513,0.6360591124367522,0.939105795521048,0.9055291720075618,0.026130030712834873,0.0984519481272022,0.1904808989352914,0.005254218089284446,0.4769425646600474,0.4046206472456801,0.3125916964375909,0.5030725953728823,0.49781837728359785,-0.01587133664907292,0.044901211078960945,0.14824920762942617,-0.034115790943946345,0.6745608278121603,0.6137882800841264,0.5104402835336612,0.6586894911630874,0.6928052821070337,0.03533950480315495,0.1019800701684373,0.1783940113927207,0.021124728276642413,0.3116178067318133,0.24497724136653093,0.16856330014224752,0.3469573115349682,0.3258325832583258,0.03012106323906888,0.09718610731790361,0.17831373654054702,0.02064197144629526,0.3375130616509927,0.270448017572158,0.18932038834951456,0.3676341248900616,0.3469921534437663,-0.03540163480400593,-0.02534178574912971,0.019275936055445975,-0.02116139357595348,0.9745758987950599,0.9645160497401837,0.919898327935608,0.939174263991054,0.9603356575670075,True, of,alphanumeric,4,681.25,potassium_symbol,0.11251671598557986,True,877, K,alphanumeric,True, not,alphanumeric,held_out,0.1589278892153328,True,606, K,alphanumeric
Qwen3-4B*,chemistry,-0.019673272059066105,0.025200672943276214,0.02810863626131299,0.1366580875173915,0.9310369264044005,0.8861629814020582,0.8832550180840214,0.9113636543453344,0.7747055668279429,0.07654322090701265,0.10820717671373292,0.18306905566082604,0.04308121330946074,0.43079984177576064,0.39913588596904037,0.32427400702194725,0.5073430626827733,0.46426184937331255,-0.012555931339304549,0.015592471635326177,0.10325218153812732,-0.05325368609295722,0.6438774659149479,0.6157290629403172,0.528069353037516,0.6313215345756433,0.6845752206686005,0.08990760759670868,0.1161614069916097,0.18993810551535953,0.08278219967476241,0.2688284518828452,0.2425746524879442,0.16879795396419436,0.3587360594795539,0.2759538598047915,0.08413349965189143,0.11169027823527522,0.19199640287769787,0.08113010881062993,0.29536290322580644,0.26780612464242265,0.1875,0.37949640287769787,0.29836629406706794,-0.005158422695746512,0.00632422776115904,0.08208894936659383,0.016379623050644665,0.9726951469964082,0.9612124965395027,0.8854477749340679,0.9675367243006617,0.9511571012500171,True, D,alphanumeric,4,689.0,silver_symbol,0.0960087489501685,True,846, Ag,alphanumeric,True, D,alphanumeric,held_out,0.15655489488670535,True,616, Ag,alphanumeric
Qwen3-4B*,chemistry,0.02731816111847385,0.0799630937159922,0.1864565984124109,0.07855195287393801,0.9560910409787827,0.9034461083812644,0.7969526036848457,0.9834092020972566,0.9048572492233186,0.12168975496972967,0.1721373586247914,0.24716651891824215,0.09189903062657084,0.46449441174139794,0.4140468080863362,0.33901764779288546,0.5861841667111276,0.49428513608455676,0.10313144598953361,0.1297088913705683,0.1664172155851782,0.044421774796243096,0.6336696091897054,0.6070921638086707,0.5703838395940608,0.736801055179239,0.6923792803829959,0.1838750559886722,0.21888899109936943,0.25151549338146806,0.15161214286600416,0.2770154373927959,0.24200150228209866,0.209375,0.4608904933814681,0.30927835051546393,0.18460677801511127,0.21701862155582768,0.25227262369278125,0.15327566320645902,0.29866888519134777,0.26625704165063135,0.23100303951367782,0.48327566320645904,0.33,0.009861576023108998,0.02302877916265944,0.01882349340350875,0.012664912729688949,0.9732220230391565,0.9600548198996061,0.9642601056587567,0.9830835990622655,0.9704186863325766,True, of,alphanumeric,4,750.0,sodium_symbol,0.1607100672384019,True,602, Na,alphanumeric,True, P,alphanumeric,held_out,0.15924074633119126,True,612, Na,alphanumeric
Qwen3-4B*,geography,0.10466787355107621,0.11179997528335828,0.32651292603830917,0.305684942899902,0.8695845915547018,0.8624524898224197,0.6477395390674688,0.974252465105778,0.668567522205876,0.16439876597903447,0.17652496578554977,0.13926462271005258,0.052447963177635504,0.3073129250444788,0.2951867252379635,0.3324470683134607,0.4717116910235133,0.4192637278458778,0.09048628166210282,0.12558153825420626,0.1143982044665558,0.052269454114817426,0.5752889475432833,0.5401936909511799,0.5513770247388303,0.6657752292053861,0.6135057750905687,0.18135809571752187,0.20390125906246245,0.18853478375541247,0.11750142958054427,0.16379310344827586,0.14124994010333528,0.15661641541038526,0.34515119916579773,0.22764976958525346,0.17717755443886093,0.20381976107710698,0.18754340809739753,0.11639105429018415,0.19166666666666668,0.16502446002842064,0.18130081300813009,0.3688442211055276,0.25245316681534347,-0.0105685061987979,0.054396828847153245,0.017616531054609363,0.006161192664621451,0.9699656263285716,0.9050002912826205,0.9417805890751644,0.9593971201297737,0.9532359274651523,True, a,alphanumeric,4,916.75,south_korea_capital,0.16697697128896283,True,749, Seoul,alphanumeric,True, a,alphanumeric,held_out,0.1488930531446121,True,541, Seoul,alphanumeric
Qwen3-4B*,geography,0.006822095165937125,0.03850893031597957,0.24038023349769455,0.19854398127142225,0.9160860217554899,0.8843991866054475,0.6825278834237325,0.922908116921427,0.7243641356500048,0.09326266615241463,0.10838929138467668,0.09528134598979215,-0.03849155602603321,0.3237124199589011,0.30858579472663905,0.3216937401215236,0.41697508611131573,0.45546664213734894,0.04484933944173164,0.056160775888676184,0.04979909268812621,-0.023770313691045875,0.5542425301938821,0.5429310937469376,0.5492927769474876,0.5990918696356138,0.6228621833266597,0.0977132075471698,0.10782786484467133,0.11416692913385826,0.02131903881700553,0.15188679245283018,0.14177213515532866,0.13543307086614173,0.2496,0.22828096118299446,0.09086200633435881,0.10405851078480163,0.11134160079451463,0.0174759415419114,0.17974452554744524,0.16654802109700242,0.15926493108728942,0.27060653188180406,0.25313059033989266,-0.03510804094798492,0.004007275001343458,0.05998032040481749,-0.017872796996307172,0.9694650781939192,0.9303497622445909,0.8743767168411168,0.9343570372459343,0.9522298342422415,True, in,alphanumeric,4,850.25,spain_capital,0.12012107412170496,True,1015, Madrid,alphanumeric,True, a,alphanumeric,held_out,0.14425295543475555,True,547, Madrid,alphanumeric
Qwen3-4B*,geography,0.11199943192419859,0.13633608486587034,0.24604505588589853,0.25056206809465287,0.8600376585359191,0.8357010055942473,0.7259920345742191,0.9720370904601177,0.7214750223654648,0.18401679792378417,0.18781968206266986,0.19914165064631112,0.09255241418384669,0.3028953728856362,0.29909248874675054,0.2877705201631093,0.4869121708094204,0.3943597566255737,0.10984256563409234,0.1314607428850979,0.13558180015527121,0.07221920419285432,0.5573560641512169,0.5357378869002113,0.531616829630038,0.6671986297853092,0.5949794255924549,0.193910699201882,0.21270453588012034,0.22634591338348772,0.15520929717589185,0.1534344335414808,0.13464059686324248,0.1209992193598751,0.3473451327433628,0.19213583556747096,0.19256514463303848,0.2143137561471854,0.22731384998142132,0.15502440821589755,0.1797752808988764,0.15802666938472948,0.14502657555049356,0.3723404255319149,0.21731601731601732,0.022052920890711425,0.049965662818582834,0.06561296706149977,0.04218907452788545,0.9547336186340938,0.9268208767062224,0.9111735724633054,0.9767865395248052,0.9345974649969198,True, a,alphanumeric,4,935.5,thailand_capital,0.1838274465300753,True,674, Bangkok,alphanumeric,True, a,alphanumeric,held_out,0.1478854335450546,True,544, Bangkok,alphanumeric
Qwen3-4B*,chemistry,-0.03730990211407281,-0.007738924328900776,0.17801590070499984,0.2029852087720131,0.9204167365859239,0.8908457588007519,0.7050909337668513,0.8831068344718511,0.680121625699838,0.20897490127813745,0.21922878861140827,0.2752653240619645,0.13554998224486803,0.37821156560124947,0.36795767826797865,0.3119211428174224,0.5871864668793869,0.4516364846345189,0.11588795529802698,0.14652416986375816,0.17341975126958376,0.062203745770439633,0.6217256356228904,0.5910894210571592,0.5641938396513336,0.7376135909209174,0.6754098451504778,0.2227364445107102,0.23633561795239805,0.26896996185043887,0.1880613966503436,0.22568460812086874,0.2120854346791809,0.17945109078114005,0.44842105263157894,0.26035965598123534,0.2174182852167792,0.23291140802657956,0.26883437444748093,0.18795147270918328,0.2511415525114155,0.23564842970161515,0.1997254632807138,0.4685598377281947,0.28060836501901143,0.012678628856886198,0.024520966457846405,0.01832904101799626,0.003867360161625366,0.9692559319260486,0.9574135943250884,0.9636055197649386,0.9819345607829348,0.9780672006213095,True, Q,alphanumeric,4,730.5,tungsten_symbol,0.14418990131820805,True,680, W,alphanumeric,True, Q,alphanumeric,held_out,0.1569061278964224,True,696, W,alphanumeric
Qwen3-4B*,geography,-0.03060799800759162,0.03323262759279899,0.12517725500164467,0.07908374438762644,0.93066511976776,0.8668244941673694,0.7748798667585237,0.9000571217601684,0.820973377372542,0.11671310799430817,0.1290747295502136,0.09682152106142883,-0.0020477932942755683,0.3134658688402498,0.3011042472843444,0.33335745577312914,0.43017897683455797,0.43222677012883354,0.03656749462888609,0.05987755173746201,0.06292619156874713,0.006733088998188919,0.5833118429002322,0.5600017857916563,0.5569531459603712,0.6198793375291183,0.6131462485309294,0.10073028203863282,0.11947586328605236,0.10839219841185313,0.05419052036844424,0.16104146576663453,0.142295884519215,0.15337954939341422,0.26177174780526735,0.2075812274368231,0.09320025999622583,0.11489827700034141,0.10339785254675957,0.049871966667932505,0.1891891891891892,0.16749117218507362,0.17899159663865546,0.28238944918541503,0.23251748251748253,-0.1545204630926229,-0.11597345995841168,-0.11479768082669084,-0.13620262843962183,0.9799664619096241,0.9414194587754129,0.940243679643692,0.8254459988170012,0.961648627256623,True, the,alphanumeric,4,841.25,turkey_capital,0.11835493413119952,True,1051, Ankara,alphanumeric,True, a,alphanumeric,held_out,0.15801822746032795,True,530, Ankara,alphanumeric
