model,metric,effect,domain,effect_value,pooled_effect,permutation_p_raw
Gemma-2-2B,feature_jaccard,fact,chemistry,0.042230267660167436,0.07411989798499664,0.00019998000199980003
Gemma-2-2B,feature_jaccard,fact,geography,0.043302169028803156,0.07411989798499664,0.00019998000199980003
Gemma-2-2B,feature_jaccard,fact,history,0.13682725726601935,0.07411989798499664,0.00019998000199980003
Gemma-2-2B,feature_jaccard,format,chemistry,0.14665370695489863,0.11838052093722097,0.0007999200079992001
Gemma-2-2B,feature_jaccard,format,geography,0.19387261527857244,0.11838052093722097,0.0007999200079992001
Gemma-2-2B,feature_jaccard,format,history,0.014615240578191857,0.11838052093722097,0.0007999200079992001
Qwen3-4B,feature_jaccard,fact,chemistry,0.09265770558328221,0.10110368895520372,9.999000099990002e-05
Qwen3-4B,feature_jaccard,fact,geography,0.10144479134820955,0.10110368895520372,9.999000099990002e-05
Qwen3-4B,feature_jaccard,fact,history,0.10920856993411937,0.10110368895520372,9.999000099990002e-05
Qwen3-4B,feature_jaccard,format,chemistry,0.07705669332015311,0.06387049775516362,0.0038996100389961006
Qwen3-4B,feature_jaccard,format,geography,0.10633786066825629,0.06387049775516362,0.0038996100389961006
Qwen3-4B,feature_jaccard,format,history,0.00821693927708149,0.06387049775516362,0.0038996100389961006
Gemma-2-2B,feature_influence_cosine,fact,chemistry,0.03765061098689382,0.08958137458924507,0.00039996000399960006
Gemma-2-2B,feature_influence_cosine,fact,geography,0.03304247853018866,0.08958137458924507,0.00039996000399960006
Gemma-2-2B,feature_influence_cosine,fact,history,0.19805103425065274,0.08958137458924507,0.00039996000399960006
Gemma-2-2B,feature_influence_cosine,format,chemistry,0.15773321776813964,0.11415450378962029,0.0013998600139986002
Gemma-2-2B,feature_influence_cosine,format,geography,0.17206940725879794,0.11415450378962029,0.0013998600139986002
Gemma-2-2B,feature_influence_cosine,format,history,0.012660886341923305,0.11415450378962029,0.0013998600139986002
Qwen3-4B,feature_influence_cosine,fact,chemistry,0.07850306346962099,0.1053092985490568,9.999000099990002e-05
Qwen3-4B,feature_influence_cosine,fact,geography,0.07751243579603084,0.1053092985490568,9.999000099990002e-05
Qwen3-4B,feature_influence_cosine,fact,history,0.15991239638151855,0.1053092985490568,9.999000099990002e-05
Qwen3-4B,feature_influence_cosine,format,chemistry,0.09648523517868934,0.0754402742632188,0.006199380061993801
Qwen3-4B,feature_influence_cosine,format,geography,0.12294845815198913,0.0754402742632188,0.006199380061993801
Qwen3-4B,feature_influence_cosine,format,history,0.006887129458977903,0.0754402742632188,0.006199380061993801
