model,sensitivity,n,mean,ci_low,ci_high
Gemma-2-2B,Primary,8,0.17035573839323534,0.08457945734653965,0.2763426122378342
Gemma-2-2B,Errors included,8,0.1691987865582138,0.0829324219303003,0.273942033900578
Gemma-2-2B,Clean exports,2,0.08612586596291594,0.08376408206305563,0.08848764986277624
Gemma-2-2B,Hardest other fact,8,0.15202074110634442,0.0553404644417746,0.2646589519550854
Qwen3-1.7B,Primary,5,0.08542266140474333,0.07559125766022748,0.09526537124736285
Qwen3-1.7B,Errors included,5,0.08475147771968092,0.07489374333420366,0.094673885365652
Qwen3-1.7B,Clean exports,5,0.08542266140474333,0.07559448862853517,0.09526537124736285
Qwen3-1.7B,Hardest other fact,5,0.06926967264752766,0.05890295869603908,0.07673847941085679
Qwen3-4B*,Primary,10,0.1623679257326506,0.13073521486771594,0.1942742183332921
Qwen3-4B*,Errors included,10,0.15988577391481965,0.12788046372644718,0.19302782051355338
Qwen3-4B*,Clean exports,10,0.1623679257326506,0.1308306018613038,0.19422661692290416
Qwen3-4B*,Hardest other fact,10,0.13740718349728404,0.1022363732187633,0.17176194806950523
